id;identifiant;telephone;mot_de_passe;score;niveau;created_at;derniere_paticipation;actif;code_ractivation
1;Nauru pixel;+33 22038865;Frozen tan markets;65688;INTERMEDIAIRE;2022-11-19T06:19:43;2022-11-19T21:56:27;true;Shirt programming BEAC
2;connecting primary;0381785941XX;Berkshire;6395;EXPERT;2022-11-19T19:02:35;2022-11-19T15:57:55;true;value-added Pays Open-architected
3;solution RSS;+33 30439401;reinvent Profit-focused;20046;INTERMEDIAIRE;2022-11-19T09:41:31;2022-11-19T11:42:07;false;Buckinghamshire
4;redundant;0276269834XX;group hacking Avon;80617;EXPERT;2022-11-19T21:16:47;2022-11-19T10:55:11;true;streamline deposit quantify
5;product;+33 27797186;Tasty;36504;INTERMEDIAIRE;2022-11-19T09:19:51;2022-11-19T23:32:01;true;architectures systematic asymmetric
6;synthesize Rubber bl;+33 39289486;relationships SAS payment;90615;DEBUTANT;2022-11-19T16:54:13;2022-11-19T13:35:59;false;Fantastic Account
7;workforce;+33 63224899;plug-and-play Beauty connect;7456;DEBUTANT;2022-11-19T14:18:05;2022-11-19T22:10:53;false;deposit
8;Beauty Technicien Na;0626142913XX;Account tan;57300;INTERMEDIAIRE;2022-11-19T20:47:47;2022-11-19T19:50:13;true;Intelligent Baby
9;Auvergne Autriche SA;0597233610XX;integrated deposit Bedfordshire;16153;DEBUTANT;2022-11-19T12:19:17;2022-11-19T08:29:39;true;uniform bottom-line Salad
10;e-commerce transmitt;+33 77068127;platforms;64123;EXPERT;2022-11-19T07:23:54;2022-11-19T19:15:59;true;synthesize Steel
